water_meter_id,building_id,meter_type,pipe_diameter_mm,status,data_origin
WM001,BLD001,Ultrasonic,150,Active,SYNTHETIC_VN_REALISTIC
WM002,BLD002,Ultrasonic,80,Active,SYNTHETIC_VN_REALISTIC
WM003,BLD003,Mechanical,150,Active,SYNTHETIC_VN_REALISTIC
WM004,BLD004,Ultrasonic,50,Active,SYNTHETIC_VN_REALISTIC
WM005,BLD005,Smart Water Meter,80,Active,SYNTHETIC_VN_REALISTIC
WM006,BLD006,Mechanical,200,Active,SYNTHETIC_VN_REALISTIC
WM007,BLD007,Smart Water Meter,80,Active,SYNTHETIC_VN_REALISTIC
WM008,BLD008,Ultrasonic,50,Active,SYNTHETIC_VN_REALISTIC
WM009,BLD009,Mechanical,200,Active,SYNTHETIC_VN_REALISTIC
WM010,BLD010,Smart Water Meter,80,Active,SYNTHETIC_VN_REALISTIC
WM011,BLD011,Ultrasonic,150,Active,SYNTHETIC_VN_REALISTIC
WM012,BLD012,Mechanical,150,Active,SYNTHETIC_VN_REALISTIC
WM013,BLD013,Smart Water Meter,100,Active,SYNTHETIC_VN_REALISTIC
WM014,BLD014,Ultrasonic,150,Active,SYNTHETIC_VN_REALISTIC
WM015,BLD015,Smart Water Meter,200,Active,SYNTHETIC_VN_REALISTIC
WM016,BLD016,Mechanical,50,Active,SYNTHETIC_VN_REALISTIC
WM017,BLD017,Mechanical,50,Active,SYNTHETIC_VN_REALISTIC
WM018,BLD018,Mechanical,150,Active,SYNTHETIC_VN_REALISTIC
WM019,BLD019,Smart Water Meter,80,Active,SYNTHETIC_VN_REALISTIC
WM020,BLD020,Mechanical,200,Active,SYNTHETIC_VN_REALISTIC
WM021,BLD021,Mechanical,100,Active,SYNTHETIC_VN_REALISTIC
WM022,BLD022,Smart Water Meter,200,Active,SYNTHETIC_VN_REALISTIC
WM023,BLD023,Mechanical,50,Active,SYNTHETIC_VN_REALISTIC
WM024,BLD024,Ultrasonic,150,Active,SYNTHETIC_VN_REALISTIC
WM025,BLD025,Smart Water Meter,100,Active,SYNTHETIC_VN_REALISTIC
WM026,BLD026,Smart Water Meter,150,Active,SYNTHETIC_VN_REALISTIC
WM027,BLD027,Smart Water Meter,50,Active,SYNTHETIC_VN_REALISTIC
WM028,BLD028,Mechanical,50,Active,SYNTHETIC_VN_REALISTIC
WM029,BLD029,Smart Water Meter,150,Active,SYNTHETIC_VN_REALISTIC
WM030,BLD030,Smart Water Meter,100,Active,SYNTHETIC_VN_REALISTIC
WM031,BLD031,Smart Water Meter,80,Active,SYNTHETIC_VN_REALISTIC
WM032,BLD032,Ultrasonic,100,Active,SYNTHETIC_VN_REALISTIC
WM033,BLD033,Smart Water Meter,150,Active,SYNTHETIC_VN_REALISTIC
WM034,BLD034,Smart Water Meter,200,Active,SYNTHETIC_VN_REALISTIC
WM035,BLD035,Ultrasonic,100,Active,SYNTHETIC_VN_REALISTIC
WM036,BLD036,Ultrasonic,200,Active,SYNTHETIC_VN_REALISTIC
WM037,BLD037,Ultrasonic,50,Active,SYNTHETIC_VN_REALISTIC
WM038,BLD038,Mechanical,200,Active,SYNTHETIC_VN_REALISTIC
WM039,BLD039,Smart Water Meter,100,Active,SYNTHETIC_VN_REALISTIC
WM040,BLD040,Mechanical,200,Active,SYNTHETIC_VN_REALISTIC
WM041,BLD041,Smart Water Meter,150,Active,SYNTHETIC_VN_REALISTIC
WM042,BLD042,Mechanical,80,Active,SYNTHETIC_VN_REALISTIC
WM043,BLD043,Smart Water Meter,200,Active,SYNTHETIC_VN_REALISTIC
WM044,BLD044,Ultrasonic,80,Active,SYNTHETIC_VN_REALISTIC
WM045,BLD045,Smart Water Meter,100,Active,SYNTHETIC_VN_REALISTIC
WM046,BLD046,Mechanical,100,Active,SYNTHETIC_VN_REALISTIC
WM047,BLD047,Smart Water Meter,50,Active,SYNTHETIC_VN_REALISTIC
WM048,BLD048,Ultrasonic,150,Active,SYNTHETIC_VN_REALISTIC
WM049,BLD049,Mechanical,100,Active,SYNTHETIC_VN_REALISTIC
WM050,BLD050,Smart Water Meter,200,Active,SYNTHETIC_VN_REALISTIC
WM051,BLD051,Smart Water Meter,50,Active,SYNTHETIC_VN_REALISTIC
WM052,BLD052,Mechanical,50,Active,SYNTHETIC_VN_REALISTIC
WM053,BLD053,Smart Water Meter,80,Active,SYNTHETIC_VN_REALISTIC
WM054,BLD054,Smart Water Meter,200,Active,SYNTHETIC_VN_REALISTIC
WM055,BLD055,Ultrasonic,150,Active,SYNTHETIC_VN_REALISTIC
WM056,BLD056,Ultrasonic,100,Active,SYNTHETIC_VN_REALISTIC
WM057,BLD057,Mechanical,50,Active,SYNTHETIC_VN_REALISTIC
WM058,BLD058,Smart Water Meter,150,Active,SYNTHETIC_VN_REALISTIC
WM059,BLD059,Ultrasonic,200,Active,SYNTHETIC_VN_REALISTIC
WM060,BLD060,Mechanical,50,Active,SYNTHETIC_VN_REALISTIC
WM061,BLD061,Smart Water Meter,200,Active,SYNTHETIC_VN_REALISTIC
WM062,BLD062,Smart Water Meter,80,Active,SYNTHETIC_VN_REALISTIC
WM063,BLD063,Ultrasonic,100,Active,SYNTHETIC_VN_REALISTIC
WM064,BLD064,Smart Water Meter,50,Active,SYNTHETIC_VN_REALISTIC
WM065,BLD065,Smart Water Meter,200,Active,SYNTHETIC_VN_REALISTIC
WM066,BLD066,Mechanical,100,Active,SYNTHETIC_VN_REALISTIC
WM067,BLD067,Ultrasonic,200,Active,SYNTHETIC_VN_REALISTIC
WM068,BLD068,Ultrasonic,200,Active,SYNTHETIC_VN_REALISTIC
WM069,BLD069,Smart Water Meter,80,Active,SYNTHETIC_VN_REALISTIC
WM070,BLD070,Mechanical,200,Active,SYNTHETIC_VN_REALISTIC
WM071,BLD071,Smart Water Meter,80,Active,SYNTHETIC_VN_REALISTIC
WM072,BLD072,Smart Water Meter,200,Active,SYNTHETIC_VN_REALISTIC
WM073,BLD073,Ultrasonic,50,Active,SYNTHETIC_VN_REALISTIC
WM074,BLD074,Ultrasonic,150,Active,SYNTHETIC_VN_REALISTIC
WM075,BLD075,Mechanical,150,Active,SYNTHETIC_VN_REALISTIC
WM076,BLD076,Ultrasonic,200,Active,SYNTHETIC_VN_REALISTIC
WM077,BLD077,Ultrasonic,200,Active,SYNTHETIC_VN_REALISTIC
WM078,BLD078,Mechanical,100,Active,SYNTHETIC_VN_REALISTIC
WM079,BLD079,Ultrasonic,200,Active,SYNTHETIC_VN_REALISTIC
WM080,BLD080,Mechanical,150,Active,SYNTHETIC_VN_REALISTIC
WM081,BLD081,Smart Water Meter,100,Active,SYNTHETIC_VN_REALISTIC
WM082,BLD082,Ultrasonic,100,Active,SYNTHETIC_VN_REALISTIC
WM083,BLD083,Smart Water Meter,200,Active,SYNTHETIC_VN_REALISTIC
WM084,BLD084,Mechanical,100,Active,SYNTHETIC_VN_REALISTIC
WM085,BLD085,Smart Water Meter,80,Active,SYNTHETIC_VN_REALISTIC
WM086,BLD086,Smart Water Meter,150,Active,SYNTHETIC_VN_REALISTIC
WM087,BLD087,Smart Water Meter,50,Active,SYNTHETIC_VN_REALISTIC
WM088,BLD088,Ultrasonic,100,Active,SYNTHETIC_VN_REALISTIC
WM089,BLD089,Ultrasonic,50,Active,SYNTHETIC_VN_REALISTIC
WM090,BLD090,Smart Water Meter,150,Active,SYNTHETIC_VN_REALISTIC
WM091,BLD091,Ultrasonic,150,Active,SYNTHETIC_VN_REALISTIC
WM092,BLD092,Ultrasonic,80,Active,SYNTHETIC_VN_REALISTIC
WM093,BLD093,Ultrasonic,50,Active,SYNTHETIC_VN_REALISTIC
WM094,BLD094,Mechanical,50,Active,SYNTHETIC_VN_REALISTIC
WM095,BLD095,Mechanical,100,Active,SYNTHETIC_VN_REALISTIC
WM096,BLD096,Smart Water Meter,100,Active,SYNTHETIC_VN_REALISTIC
WM097,BLD097,Ultrasonic,150,Active,SYNTHETIC_VN_REALISTIC
WM098,BLD098,Ultrasonic,80,Active,SYNTHETIC_VN_REALISTIC
WM099,BLD099,Smart Water Meter,200,Active,SYNTHETIC_VN_REALISTIC
WM100,BLD100,Smart Water Meter,50,Active,SYNTHETIC_VN_REALISTIC
WM101,BLD101,Ultrasonic,200,Active,SYNTHETIC_VN_REALISTIC
WM102,BLD102,Mechanical,50,Active,SYNTHETIC_VN_REALISTIC
WM103,BLD103,Mechanical,50,Active,SYNTHETIC_VN_REALISTIC
WM104,BLD104,Ultrasonic,100,Active,SYNTHETIC_VN_REALISTIC
WM105,BLD105,Ultrasonic,80,Active,SYNTHETIC_VN_REALISTIC
WM106,BLD106,Mechanical,80,Active,SYNTHETIC_VN_REALISTIC
WM107,BLD107,Ultrasonic,100,Active,SYNTHETIC_VN_REALISTIC
WM108,BLD108,Smart Water Meter,50,Active,SYNTHETIC_VN_REALISTIC
WM109,BLD109,Mechanical,150,Active,SYNTHETIC_VN_REALISTIC
WM110,BLD110,Mechanical,200,Active,SYNTHETIC_VN_REALISTIC
WM111,BLD111,Ultrasonic,80,Active,SYNTHETIC_VN_REALISTIC
WM112,BLD112,Smart Water Meter,200,Active,SYNTHETIC_VN_REALISTIC
WM113,BLD113,Smart Water Meter,150,Active,SYNTHETIC_VN_REALISTIC
WM114,BLD114,Smart Water Meter,100,Active,SYNTHETIC_VN_REALISTIC
WM115,BLD115,Smart Water Meter,200,Active,SYNTHETIC_VN_REALISTIC
WM116,BLD116,Mechanical,100,Active,SYNTHETIC_VN_REALISTIC
WM117,BLD117,Ultrasonic,150,Active,SYNTHETIC_VN_REALISTIC
WM118,BLD118,Mechanical,100,Active,SYNTHETIC_VN_REALISTIC
WM119,BLD119,Mechanical,200,Active,SYNTHETIC_VN_REALISTIC
WM120,BLD120,Smart Water Meter,50,Active,SYNTHETIC_VN_REALISTIC
